Avg Salary,Mean of Avg Salary,Median of Avg,Median of Avg Salary,Max of Avg Salary,Standard Deviation of Avg Salary,,Rating,Mean of Rating,Median of Rating,Min of Rating,Max of Rating,Standard Deviation of Rating
51500,"72,072","68,500","33,500","150,000","23,670",,3.2,4,4,-1,5,1
51500,,,,,,,3.8,,,,,
51500,,,,,,,3.4,,,,,
51500,,,,,,,4.1,,,,,
51500,,,,,,,3.9,,,,,
51500,,,,,,,3.9,,,,,
51500,,,,,,,4.4,,,,,
51500,,,,,,,3.7,,,,,
51500,,,,,,,4.0,,,,,
51500,,,,,,,4.4,,,,,
51500,,,,,,,4.0,,,,,
51500,,,,,,,3.7,,,,,
51500,,,,,,,3.0,,,,,
51500,,,,,,,3.4,,,,,
51500,,,,,,,3.6,,,,,
51500,,,,,,,3.8,,,,,
51500,,,,,,,3.8,,,,,
51500,,,,,,,3.9,,,,,
51500,,,,,,,4.9,,,,,
51500,,,,,,,4.4,,,,,
51500,,,,,,,3.3,,,,,
51500,,,,,,,3.5,,,,,
51500,,,,,,,4.0,,,,,
51500,,,,,,,5.0,,,,,
51500,,,,,,,4.8,,,,,
51500,,,,,,,3.7,,,,,
51500,,,,,,,4.7,,,,,
66500,,,,,,,3.6,,,,,
66500,,,,,,,3.6,,,,,
66500,,,,,,,3.2,,,,,
66500,,,,,,,3.7,,,,,
66500,,,,,,,3.6,,,,,
66500,,,,,,,4.0,,,,,
66500,,,,,,,4.6,,,,,
66500,,,,,,,4.0,,,,,
66500,,,,,,,3.0,,,,,
66500,,,,,,,2.9,,,,,
66500,,,,,,,4.0,,,,,
66500,,,,,,,3.6,,,,,
66500,,,,,,,4.9,,,,,
66500,,,,,,,3.9,,,,,
66500,,,,,,,4.0,,,,,
66500,,,,,,,3.7,,,,,
66500,,,,,,,3.6,,,,,
66500,,,,,,,3.6,,,,,
66500,,,,,,,4.0,,,,,
66500,,,,,,,3.2,,,,,
66500,,,,,,,3.8,,,,,
66500,,,,,,,3.9,,,,,
69500,,,,,,,4.8,,,,,
69500,,,,,,,3.6,,,,,
69500,,,,,,,3.6,,,,,
69500,,,,,,,3.6,,,,,
69500,,,,,,,4.1,,,,,
69500,,,,,,,3.9,,,,,
69500,,,,,,,3.0,,,,,
69500,,,,,,,3.7,,,,,
69500,,,,,,,3.9,,,,,
69500,,,,,,,3.7,,,,,
69500,,,,,,,-1.0,,,,,
69500,,,,,,,3.7,,,,,
69500,,,,,,,3.6,,,,,
69500,,,,,,,4.1,,,,,
69500,,,,,,,3.5,,,,,
69500,,,,,,,3.7,,,,,
69500,,,,,,,4.0,,,,,
69500,,,,,,,5.0,,,,,
69500,,,,,,,3.3,,,,,
69500,,,,,,,4.1,,,,,
69500,,,,,,,4.0,,,,,
69500,,,,,,,1.0,,,,,
69500,,,,,,,3.1,,,,,
69500,,,,,,,4.5,,,,,
69500,,,,,,,3.4,,,,,
69000,,,,,,,3.6,,,,,
69000,,,,,,,4.1,,,,,
69000,,,,,,,4.4,,,,,
69000,,,,,,,3.8,,,,,
69000,,,,,,,3.2,,,,,
69000,,,,,,,-1.0,,,,,
69000,,,,,,,3.8,,,,,
69000,,,,,,,4.7,,,,,
69000,,,,,,,3.8,,,,,
69000,,,,,,,4.6,,,,,
69000,,,,,,,3.0,,,,,
69000,,,,,,,3.9,,,,,
69000,,,,,,,3.0,,,,,
69000,,,,,,,5.0,,,,,
69000,,,,,,,4.0,,,,,
69000,,,,,,,3.6,,,,,
69000,,,,,,,3.7,,,,,
69000,,,,,,,3.5,,,,,
69000,,,,,,,2.8,,,,,
69000,,,,,,,5.0,,,,,
69000,,,,,,,3.8,,,,,
69000,,,,,,,3.4,,,,,
69000,,,,,,,3.6,,,,,
69000,,,,,,,-1.0,,,,,
69000,,,,,,,3.2,,,,,
72000,,,,,,,3.8,,,,,
72000,,,,,,,3.5,,,,,
72000,,,,,,,3.5,,,,,
72000,,,,,,,5.0,,,,,
72000,,,,,,,3.7,,,,,
72000,,,,,,,4.0,,,,,
72000,,,,,,,3.3,,,,,
72000,,,,,,,2.9,,,,,
72000,,,,,,,3.6,,,,,
72000,,,,,,,3.2,,,,,
72000,,,,,,,3.1,,,,,
72000,,,,,,,3.4,,,,,
72000,,,,,,,4.0,,,,,
72000,,,,,,,4.3,,,,,
72000,,,,,,,2.7,,,,,
72000,,,,,,,4.1,,,,,
72000,,,,,,,3.1,,,,,
72000,,,,,,,2.9,,,,,
72000,,,,,,,3.9,,,,,
72000,,,,,,,4.2,,,,,
72000,,,,,,,3.9,,,,,
72000,,,,,,,4.2,,,,,
72000,,,,,,,-1.0,,,,,
72000,,,,,,,5.0,,,,,
72000,,,,,,,3.9,,,,,
72000,,,,,,,2.9,,,,,
59500,,,,,,,4.0,,,,,
59500,,,,,,,3.6,,,,,
59500,,,,,,,3.4,,,,,
59500,,,,,,,3.3,,,,,
59500,,,,,,,3.8,,,,,
59500,,,,,,,3.4,,,,,
59500,,,,,,,3.2,,,,,
59500,,,,,,,3.2,,,,,
59500,,,,,,,3.3,,,,,
59500,,,,,,,3.8,,,,,
59500,,,,,,,3.3,,,,,
59500,,,,,,,4.1,,,,,
59500,,,,,,,2.9,,,,,
59500,,,,,,,3.4,,,,,
59500,,,,,,,2.5,,,,,
59500,,,,,,,4.4,,,,,
59500,,,,,,,3.9,,,,,
59500,,,,,,,3.6,,,,,
59500,,,,,,,3.6,,,,,
59500,,,,,,,3.3,,,,,
59500,,,,,,,3.8,,,,,
59500,,,,,,,3.7,,,,,
59500,,,,,,,3.6,,,,,
85000,,,,,,,4.0,,,,,
85000,,,,,,,4.1,,,,,
85000,,,,,,,4.5,,,,,
85000,,,,,,,3.7,,,,,
85000,,,,,,,3.1,,,,,
85000,,,,,,,3.7,,,,,
85000,,,,,,,3.7,,,,,
85000,,,,,,,3.2,,,,,
85000,,,,,,,3.6,,,,,
85000,,,,,,,3.6,,,,,
85000,,,,,,,3.7,,,,,
85000,,,,,,,3.1,,,,,
85000,,,,,,,3.8,,,,,
85000,,,,,,,4.1,,,,,
85000,,,,,,,3.8,,,,,
85000,,,,,,,3.7,,,,,
85000,,,,,,,3.7,,,,,
85000,,,,,,,3.3,,,,,
85000,,,,,,,3.4,,,,,
85000,,,,,,,3.2,,,,,
85000,,,,,,,-1.0,,,,,
85000,,,,,,,5.0,,,,,
85000,,,,,,,3.6,,,,,
85000,,,,,,,3.0,,,,,
85000,,,,,,,3.5,,,,,
85000,,,,,,,1.0,,,,,
59500,,,,,,,5.0,,,,,
59500,,,,,,,5.0,,,,,
59500,,,,,,,3.8,,,,,
59500,,,,,,,4.1,,,,,
59500,,,,,,,3.3,,,,,
59500,,,,,,,3.5,,,,,
59500,,,,,,,3.7,,,,,
59500,,,,,,,4.0,,,,,
59500,,,,,,,3.4,,,,,
59500,,,,,,,3.6,,,,,
59500,,,,,,,3.5,,,,,
59500,,,,,,,3.4,,,,,
59500,,,,,,,4.2,,,,,
59500,,,,,,,2.7,,,,,
59500,,,,,,,3.1,,,,,
59500,,,,,,,4.5,,,,,
59500,,,,,,,4.8,,,,,
59500,,,,,,,4.1,,,,,
59500,,,,,,,3.0,,,,,
59500,,,,,,,2.7,,,,,
59500,,,,,,,3.5,,,,,
59500,,,,,,,3.1,,,,,
59500,,,,,,,5.0,,,,,
59500,,,,,,,3.9,,,,,
66500,,,,,,,3.8,,,,,
66500,,,,,,,3.0,,,,,
66500,,,,,,,3.3,,,,,
66500,,,,,,,3.6,,,,,
66500,,,,,,,3.1,,,,,
66500,,,,,,,3.6,,,,,
66500,,,,,,,3.9,,,,,
66500,,,,,,,4.0,,,,,
66500,,,,,,,3.9,,,,,
100000,,,,,,,3.8,,,,,
100000,,,,,,,4.9,,,,,
100000,,,,,,,3.6,,,,,
100000,,,,,,,3.2,,,,,
100000,,,,,,,2.9,,,,,
100000,,,,,,,-1.0,,,,,
100000,,,,,,,4.2,,,,,
100000,,,,,,,3.4,,,,,
100000,,,,,,,3.1,,,,,
100000,,,,,,,4.5,,,,,
87000,,,,,,,4.0,,,,,
87000,,,,,,,2.6,,,,,
87000,,,,,,,-1.0,,,,,
87000,,,,,,,3.9,,,,,
87000,,,,,,,4.1,,,,,
87000,,,,,,,3.8,,,,,
87000,,,,,,,3.8,,,,,
87000,,,,,,,3.9,,,,,
87000,,,,,,,4.0,,,,,
87000,,,,,,,4.8,,,,,
87000,,,,,,,3.8,,,,,
87000,,,,,,,3.5,,,,,
87000,,,,,,,3.0,,,,,
39500,,,,,,,3.1,,,,,
39500,,,,,,,-1.0,,,,,
39500,,,,,,,3.5,,,,,
39500,,,,,,,4.0,,,,,
39500,,,,,,,3.2,,,,,
39500,,,,,,,3.3,,,,,
39500,,,,,,,-1.0,,,,,
39500,,,,,,,3.6,,,,,
39500,,,,,,,3.6,,,,,
39500,,,,,,,4.3,,,,,
39500,,,,,,,4.0,,,,,
39500,,,,,,,3.7,,,,,
39500,,,,,,,4.1,,,,,
39500,,,,,,,3.3,,,,,
39500,,,,,,,3.4,,,,,
39500,,,,,,,3.1,,,,,
39500,,,,,,,3.7,,,,,
39500,,,,,,,3.9,,,,,
39500,,,,,,,4.1,,,,,
39500,,,,,,,3.3,,,,,
39500,,,,,,,4.1,,,,,
39500,,,,,,,3.0,,,,,
39500,,,,,,,3.4,,,,,
39500,,,,,,,4.8,,,,,
39500,,,,,,,3.2,,,,,
39500,,,,,,,3.8,,,,,
39500,,,,,,,3.7,,,,,
39500,,,,,,,4.6,,,,,
58000,,,,,,,2.7,,,,,
58000,,,,,,,4.0,,,,,
58000,,,,,,,3.5,,,,,
58000,,,,,,,3.9,,,,,
58000,,,,,,,4.1,,,,,
58000,,,,,,,3.1,,,,,
58000,,,,,,,3.1,,,,,
58000,,,,,,,3.9,,,,,
58000,,,,,,,4.3,,,,,
58000,,,,,,,3.7,,,,,
58000,,,,,,,3.2,,,,,
58000,,,,,,,3.8,,,,,
58000,,,,,,,3.5,,,,,
58000,,,,,,,3.6,,,,,
58000,,,,,,,3.9,,,,,
58000,,,,,,,2.4,,,,,
58000,,,,,,,4.0,,,,,
58000,,,,,,,4.0,,,,,
58000,,,,,,,3.6,,,,,
58000,,,,,,,4.0,,,,,
58000,,,,,,,3.2,,,,,
58000,,,,,,,3.6,,,,,
58000,,,,,,,3.0,,,,,
104500,,,,,,,3.9,,,,,
104500,,,,,,,2.4,,,,,
104500,,,,,,,2.8,,,,,
104500,,,,,,,4.4,,,,,
104500,,,,,,,4.8,,,,,
104500,,,,,,,2.8,,,,,
104500,,,,,,,5.0,,,,,
104500,,,,,,,3.7,,,,,
104500,,,,,,,4.0,,,,,
104500,,,,,,,4.2,,,,,
104500,,,,,,,3.5,,,,,
104500,,,,,,,2.0,,,,,
104500,,,,,,,3.3,,,,,
104500,,,,,,,5.0,,,,,
104500,,,,,,,3.4,,,,,
104500,,,,,,,3.6,,,,,
104500,,,,,,,2.8,,,,,
104500,,,,,,,3.0,,,,,
104500,,,,,,,3.9,,,,,
104500,,,,,,,4.5,,,,,
104500,,,,,,,4.0,,,,,
104500,,,,,,,5.0,,,,,
104500,,,,,,,3.4,,,,,
106000,,,,,,,3.2,,,,,
106000,,,,,,,4.0,,,,,
106000,,,,,,,2.8,,,,,
106000,,,,,,,3.2,,,,,
106000,,,,,,,3.4,,,,,
106000,,,,,,,3.4,,,,,
106000,,,,,,,3.5,,,,,
106000,,,,,,,3.3,,,,,
106000,,,,,,,3.7,,,,,
106000,,,,,,,3.6,,,,,
106000,,,,,,,2.7,,,,,
106000,,,,,,,4.5,,,,,
106000,,,,,,,2.5,,,,,
106000,,,,,,,4.4,,,,,
106000,,,,,,,4.3,,,,,
106000,,,,,,,5.0,,,,,
106000,,,,,,,4.4,,,,,
106000,,,,,,,3.2,,,,,
106000,,,,,,,4.8,,,,,
106000,,,,,,,3.0,,,,,
106000,,,,,,,4.2,,,,,
106000,,,,,,,4.2,,,,,
106000,,,,,,,3.4,,,,,
106000,,,,,,,3.1,,,,,
106000,,,,,,,3.7,,,,,
106000,,,,,,,4.0,,,,,
72000,,,,,,,4.3,,,,,
72000,,,,,,,3.8,,,,,
72000,,,,,,,2.4,,,,,
72000,,,,,,,4.0,,,,,
72000,,,,,,,3.2,,,,,
72000,,,,,,,3.3,,,,,
72000,,,,,,,5.0,,,,,
72000,,,,,,,3.2,,,,,
72000,,,,,,,3.1,,,,,
72000,,,,,,,3.9,,,,,
72000,,,,,,,2.5,,,,,
72000,,,,,,,3.1,,,,,
72000,,,,,,,4.5,,,,,
72000,,,,,,,3.2,,,,,
72000,,,,,,,4.4,,,,,
72000,,,,,,,3.4,,,,,
36500,,,,,,,-1.0,,,,,
36500,,,,,,,2.0,,,,,
36500,,,,,,,4.2,,,,,
36500,,,,,,,3.6,,,,,
36500,,,,,,,4.3,,,,,
36500,,,,,,,4.3,,,,,
36500,,,,,,,4.1,,,,,
36500,,,,,,,4.6,,,,,
36500,,,,,,,4.0,,,,,
36500,,,,,,,4.1,,,,,
36500,,,,,,,3.6,,,,,
36500,,,,,,,2.6,,,,,
36500,,,,,,,2.9,,,,,
36500,,,,,,,3.4,,,,,
36500,,,,,,,3.8,,,,,
36500,,,,,,,2.7,,,,,
36500,,,,,,,3.3,,,,,
36500,,,,,,,3.5,,,,,
36500,,,,,,,3.5,,,,,
36500,,,,,,,4.1,,,,,
45000,,,,,,,4.0,,,,,
45000,,,,,,,3.5,,,,,
45000,,,,,,,2.9,,,,,
45000,,,,,,,4.2,,,,,
64000,,,,,,,3.5,,,,,
64000,,,,,,,3.7,,,,,
64000,,,,,,,3.3,,,,,
56000,,,,,,,4.3,,,,,
56000,,,,,,,2.5,,,,,
56000,,,,,,,2.7,,,,,
56000,,,,,,,2.7,,,,,
56000,,,,,,,5.0,,,,,
56000,,,,,,,4.9,,,,,
56000,,,,,,,3.5,,,,,
56000,,,,,,,5.0,,,,,
56000,,,,,,,4.9,,,,,
56000,,,,,,,3.4,,,,,
56000,,,,,,,3.1,,,,,
56000,,,,,,,3.8,,,,,
56000,,,,,,,1.0,,,,,
56000,,,,,,,3.5,,,,,
56000,,,,,,,3.8,,,,,
56000,,,,,,,5.0,,,,,
56000,,,,,,,5.0,,,,,
56000,,,,,,,3.0,,,,,
56000,,,,,,,3.8,,,,,
56000,,,,,,,4.9,,,,,
56000,,,,,,,3.5,,,,,
56000,,,,,,,3.8,,,,,
56000,,,,,,,3.2,,,,,
56000,,,,,,,3.1,,,,,
56000,,,,,,,3.5,,,,,
56000,,,,,,,3.2,,,,,
56000,,,,,,,4.9,,,,,
80500,,,,,,,3.7,,,,,
80500,,,,,,,3.5,,,,,
80500,,,,,,,5.0,,,,,
80500,,,,,,,3.2,,,,,
80500,,,,,,,3.4,,,,,
80500,,,,,,,3.1,,,,,
80500,,,,,,,3.4,,,,,
80500,,,,,,,3.5,,,,,
80500,,,,,,,3.6,,,,,
80500,,,,,,,3.7,,,,,
80500,,,,,,,3.6,,,,,
80500,,,,,,,3.3,,,,,
80500,,,,,,,3.3,,,,,
42000,,,,,,,5.0,,,,,
42000,,,,,,,5.0,,,,,
42000,,,,,,,4.3,,,,,
42000,,,,,,,3.1,,,,,
42000,,,,,,,3.3,,,,,
42000,,,,,,,3.3,,,,,
79000,,,,,,,3.1,,,,,
79000,,,,,,,3.6,,,,,
79000,,,,,,,3.7,,,,,
79000,,,,,,,5.0,,,,,
79000,,,,,,,-1.0,,,,,
79000,,,,,,,5.0,,,,,
79000,,,,,,,5.0,,,,,
79000,,,,,,,3.6,,,,,
79000,,,,,,,4.3,,,,,
79000,,,,,,,4.3,,,,,
79000,,,,,,,3.2,,,,,
79000,,,,,,,4.5,,,,,
79000,,,,,,,4.3,,,,,
79000,,,,,,,4.0,,,,,
79000,,,,,,,-1.0,,,,,
79000,,,,,,,3.6,,,,,
79000,,,,,,,5.0,,,,,
79000,,,,,,,3.4,,,,,
79000,,,,,,,3.9,,,,,
79000,,,,,,,3.5,,,,,
79000,,,,,,,3.2,,,,,
79000,,,,,,,4.7,,,,,
79000,,,,,,,4.7,,,,,
79000,,,,,,,4.0,,,,,
79000,,,,,,,3.4,,,,,
53500,,,,,,,-1.0,,,,,
53500,,,,,,,3.7,,,,,
53500,,,,,,,4.1,,,,,
53500,,,,,,,3.1,,,,,
53500,,,,,,,3.7,,,,,
53500,,,,,,,3.9,,,,,
53500,,,,,,,3.8,,,,,
53500,,,,,,,3.5,,,,,
53500,,,,,,,3.8,,,,,
53500,,,,,,,3.8,,,,,
53500,,,,,,,4.2,,,,,
53500,,,,,,,3.1,,,,,
53500,,,,,,,4.1,,,,,
53500,,,,,,,3.9,,,,,
53500,,,,,,,3.5,,,,,
53500,,,,,,,3.9,,,,,
53500,,,,,,,3.9,,,,,
53500,,,,,,,3.9,,,,,
53500,,,,,,,3.7,,,,,
53500,,,,,,,4.7,,,,,
53500,,,,,,,4.0,,,,,
53500,,,,,,,3.5,,,,,
53500,,,,,,,2.9,,,,,
53500,,,,,,,3.1,,,,,
53500,,,,,,,5.0,,,,,
80000,,,,,,,3.2,,,,,
80000,,,,,,,5.0,,,,,
80000,,,,,,,3.2,,,,,
80000,,,,,,,3.9,,,,,
80000,,,,,,,4.5,,,,,
80000,,,,,,,3.9,,,,,
80000,,,,,,,3.1,,,,,
80000,,,,,,,3.6,,,,,
80000,,,,,,,3.3,,,,,
80000,,,,,,,3.7,,,,,
80000,,,,,,,4.6,,,,,
80000,,,,,,,4.5,,,,,
80000,,,,,,,3.9,,,,,
80000,,,,,,,3.8,,,,,
80000,,,,,,,3.0,,,,,
80000,,,,,,,3.9,,,,,
80000,,,,,,,3.4,,,,,
80000,,,,,,,3.5,,,,,
80000,,,,,,,4.0,,,,,
80000,,,,,,,4.5,,,,,
80000,,,,,,,4.0,,,,,
80000,,,,,,,3.5,,,,,
80000,,,,,,,3.4,,,,,
80000,,,,,,,2.1,,,,,
80000,,,,,,,3.8,,,,,
40000,,,,,,,5.0,,,,,
40000,,,,,,,4.0,,,,,
40000,,,,,,,3.8,,,,,
40000,,,,,,,3.8,,,,,
40000,,,,,,,3.6,,,,,
40000,,,,,,,4.9,,,,,
40000,,,,,,,3.6,,,,,
40000,,,,,,,3.4,,,,,
40000,,,,,,,4.1,,,,,
40000,,,,,,,3.7,,,,,
40000,,,,,,,3.1,,,,,
40000,,,,,,,3.0,,,,,
40000,,,,,,,3.5,,,,,
40000,,,,,,,3.7,,,,,
40000,,,,,,,3.6,,,,,
40000,,,,,,,4.6,,,,,
40000,,,,,,,3.8,,,,,
40000,,,,,,,2.7,,,,,
40000,,,,,,,3.4,,,,,
40000,,,,,,,3.1,,,,,
54000,,,,,,,3.7,,,,,
54000,,,,,,,3.6,,,,,
54000,,,,,,,4.0,,,,,
54000,,,,,,,3.3,,,,,
54000,,,,,,,4.0,,,,,
54000,,,,,,,4.9,,,,,
54000,,,,,,,3.6,,,,,
54000,,,,,,,3.6,,,,,
54000,,,,,,,5.0,,,,,
54000,,,,,,,3.8,,,,,
54000,,,,,,,4.3,,,,,
54000,,,,,,,4.2,,,,,
54000,,,,,,,3.9,,,,,
54000,,,,,,,4.1,,,,,
54000,,,,,,,3.4,,,,,
54000,,,,,,,3.8,,,,,
54000,,,,,,,3.8,,,,,
54000,,,,,,,3.6,,,,,
54000,,,,,,,3.4,,,,,
54000,,,,,,,3.1,,,,,
54000,,,,,,,3.1,,,,,
73000,,,,,,,4.7,,,,,
73000,,,,,,,3.9,,,,,
73000,,,,,,,2.5,,,,,
73000,,,,,,,3.5,,,,,
73000,,,,,,,3.8,,,,,
73000,,,,,,,3.8,,,,,
73000,,,,,,,4.0,,,,,
73000,,,,,,,4.1,,,,,
73000,,,,,,,3.8,,,,,
73000,,,,,,,3.0,,,,,
73000,,,,,,,3.3,,,,,
73000,,,,,,,3.3,,,,,
73000,,,,,,,3.5,,,,,
73000,,,,,,,3.0,,,,,
73000,,,,,,,3.2,,,,,
73000,,,,,,,4.7,,,,,
73000,,,,,,,3.1,,,,,
73000,,,,,,,2.5,,,,,
73000,,,,,,,3.3,,,,,
122500,,,,,,,2.9,,,,,
122500,,,,,,,5.0,,,,,
122500,,,,,,,3.3,,,,,
122500,,,,,,,2.9,,,,,
122500,,,,,,,3.2,,,,,
122500,,,,,,,3.3,,,,,
122500,,,,,,,3.8,,,,,
122500,,,,,,,4.0,,,,,
122500,,,,,,,4.1,,,,,
122500,,,,,,,2.8,,,,,
122500,,,,,,,3.9,,,,,
122500,,,,,,,3.4,,,,,
122500,,,,,,,3.1,,,,,
122500,,,,,,,3.1,,,,,
122500,,,,,,,3.7,,,,,
122500,,,,,,,3.3,,,,,
122500,,,,,,,4.6,,,,,
122500,,,,,,,2.9,,,,,
122500,,,,,,,3.6,,,,,
122500,,,,,,,3.8,,,,,
122500,,,,,,,3.4,,,,,
63000,,,,,,,3.9,,,,,
63000,,,,,,,3.7,,,,,
63000,,,,,,,3.7,,,,,
63000,,,,,,,5.0,,,,,
63000,,,,,,,3.2,,,,,
63000,,,,,,,3.4,,,,,
63000,,,,,,,3.4,,,,,
63000,,,,,,,3.8,,,,,
63000,,,,,,,2.8,,,,,
63000,,,,,,,3.3,,,,,
63000,,,,,,,3.7,,,,,
63000,,,,,,,4.0,,,,,
63000,,,,,,,3.9,,,,,
63000,,,,,,,4.6,,,,,
63000,,,,,,,4.6,,,,,
63000,,,,,,,4.1,,,,,
63000,,,,,,,3.3,,,,,
63000,,,,,,,3.3,,,,,
63000,,,,,,,4.7,,,,,
63000,,,,,,,4.3,,,,,
63000,,,,,,,3.2,,,,,
63000,,,,,,,3.3,,,,,
63000,,,,,,,3.1,,,,,
63000,,,,,,,3.5,,,,,
63000,,,,,,,3.3,,,,,
63000,,,,,,,3.8,,,,,
63000,,,,,,,3.8,,,,,
63000,,,,,,,3.7,,,,,
63000,,,,,,,3.2,,,,,
77500,,,,,,,4.2,,,,,
77500,,,,,,,4.6,,,,,
77500,,,,,,,3.2,,,,,
77500,,,,,,,3.5,,,,,
77500,,,,,,,3.7,,,,,
77500,,,,,,,3.9,,,,,
77500,,,,,,,3.4,,,,,
77500,,,,,,,4.1,,,,,
77500,,,,,,,5.0,,,,,
77500,,,,,,,3.5,,,,,
77500,,,,,,,3.7,,,,,
77500,,,,,,,4.0,,,,,
77500,,,,,,,3.6,,,,,
77500,,,,,,,3.0,,,,,
77500,,,,,,,3.9,,,,,
77500,,,,,,,5.0,,,,,
77500,,,,,,,4.7,,,,,
77500,,,,,,,3.5,,,,,
77500,,,,,,,3.2,,,,,
77500,,,,,,,4.6,,,,,
77500,,,,,,,4.2,,,,,
77500,,,,,,,3.9,,,,,
77500,,,,,,,3.9,,,,,
77500,,,,,,,4.8,,,,,
79500,,,,,,,-1.0,,,,,
79500,,,,,,,4.0,,,,,
79500,,,,,,,3.9,,,,,
79500,,,,,,,2.7,,,,,
79500,,,,,,,3.4,,,,,
79500,,,,,,,4.5,,,,,
79500,,,,,,,4.0,,,,,
79500,,,,,,,4.0,,,,,
79500,,,,,,,3.2,,,,,
79500,,,,,,,3.2,,,,,
79500,,,,,,,-1.0,,,,,
79500,,,,,,,3.8,,,,,
79500,,,,,,,3.8,,,,,
79500,,,,,,,3.9,,,,,
79500,,,,,,,3.5,,,,,
79500,,,,,,,3.0,,,,,
79500,,,,,,,3.0,,,,,
79500,,,,,,,3.9,,,,,
79500,,,,,,,3.9,,,,,
79500,,,,,,,3.7,,,,,
79500,,,,,,,4.3,,,,,
79500,,,,,,,1.0,,,,,
79500,,,,,,,3.7,,,,,
79500,,,,,,,3.6,,,,,
79500,,,,,,,2.9,,,,,
79500,,,,,,,2.5,,,,,
59000,,,,,,,3.6,,,,,
59000,,,,,,,4.1,,,,,
59000,,,,,,,3.3,,,,,
59000,,,,,,,4.8,,,,,
59000,,,,,,,3.3,,,,,
59000,,,,,,,2.8,,,,,
59000,,,,,,,3.6,,,,,
59000,,,,,,,2.5,,,,,
59000,,,,,,,4.2,,,,,
59000,,,,,,,3.5,,,,,
59000,,,,,,,1.0,,,,,
59000,,,,,,,3.2,,,,,
59000,,,,,,,4.8,,,,,
59000,,,,,,,2.9,,,,,
59000,,,,,,,3.4,,,,,
59000,,,,,,,3.7,,,,,
59000,,,,,,,5.0,,,,,
59000,,,,,,,4.1,,,,,
59000,,,,,,,2.5,,,,,
59000,,,,,,,4.5,,,,,
59000,,,,,,,3.5,,,,,
59000,,,,,,,5.0,,,,,
59000,,,,,,,2.1,,,,,
59000,,,,,,,3.3,,,,,
113000,,,,,,,4.5,,,,,
113000,,,,,,,-1.0,,,,,
113000,,,,,,,2.0,,,,,
113000,,,,,,,3.9,,,,,
113000,,,,,,,3.3,,,,,
113000,,,,,,,3.7,,,,,
113000,,,,,,,3.4,,,,,
113000,,,,,,,3.8,,,,,
113000,,,,,,,3.2,,,,,
113000,,,,,,,3.2,,,,,
113000,,,,,,,3.3,,,,,
113000,,,,,,,1.7,,,,,
113000,,,,,,,3.5,,,,,
113000,,,,,,,5.0,,,,,
113000,,,,,,,4.3,,,,,
113000,,,,,,,4.6,,,,,
113000,,,,,,,-1.0,,,,,
113000,,,,,,,3.0,,,,,
113000,,,,,,,3.3,,,,,
113000,,,,,,,3.0,,,,,
113000,,,,,,,5.0,,,,,
113000,,,,,,,2.7,,,,,
113000,,,,,,,3.2,,,,,
113000,,,,,,,3.5,,,,,
77500,,,,,,,2.7,,,,,
77500,,,,,,,3.3,,,,,
77500,,,,,,,3.3,,,,,
77500,,,,,,,2.8,,,,,
77500,,,,,,,-1.0,,,,,
77500,,,,,,,3.9,,,,,
77500,,,,,,,3.7,,,,,
77500,,,,,,,3.8,,,,,
77500,,,,,,,4.0,,,,,
77500,,,,,,,3.0,,,,,
77500,,,,,,,3.4,,,,,
77500,,,,,,,4.0,,,,,
33500,,,,,,,4.1,,,,,
33500,,,,,,,2.8,,,,,
33500,,,,,,,3.0,,,,,
33500,,,,,,,3.5,,,,,
33500,,,,,,,3.6,,,,,
33500,,,,,,,2.7,,,,,
33500,,,,,,,3.9,,,,,
33500,,,,,,,3.9,,,,,
33500,,,,,,,3.4,,,,,
33500,,,,,,,4.8,,,,,
33500,,,,,,,3.1,,,,,
33500,,,,,,,3.2,,,,,
33500,,,,,,,4.0,,,,,
33500,,,,,,,3.6,,,,,
33500,,,,,,,4.3,,,,,
33500,,,,,,,4.1,,,,,
33500,,,,,,,2.5,,,,,
33500,,,,,,,3.7,,,,,
33500,,,,,,,3.7,,,,,
33500,,,,,,,3.6,,,,,
33500,,,,,,,3.9,,,,,
33500,,,,,,,3.9,,,,,
33500,,,,,,,4.0,,,,,
33500,,,,,,,4.8,,,,,
61500,,,,,,,4.2,,,,,
61500,,,,,,,5.0,,,,,
61500,,,,,,,4.7,,,,,
61500,,,,,,,2.5,,,,,
61500,,,,,,,4.8,,,,,
61500,,,,,,,2.4,,,,,
61500,,,,,,,3.8,,,,,
61500,,,,,,,3.5,,,,,
61500,,,,,,,3.5,,,,,
61500,,,,,,,3.0,,,,,
61500,,,,,,,3.5,,,,,
61500,,,,,,,4.1,,,,,
61500,,,,,,,4.6,,,,,
61500,,,,,,,3.6,,,,,
61500,,,,,,,3.4,,,,,
61500,,,,,,,4.2,,,,,
61500,,,,,,,3.6,,,,,
61500,,,,,,,3.7,,,,,
61500,,,,,,,2.9,,,,,
61500,,,,,,,2.7,,,,,
61500,,,,,,,3.3,,,,,
61500,,,,,,,2.8,,,,,
61500,,,,,,,3.6,,,,,
98500,,,,,,,3.4,,,,,
98500,,,,,,,3.6,,,,,
98500,,,,,,,4.5,,,,,
98500,,,,,,,4.7,,,,,
98500,,,,,,,3.6,,,,,
98500,,,,,,,4.0,,,,,
98500,,,,,,,4.0,,,,,
98500,,,,,,,3.6,,,,,
98500,,,,,,,3.8,,,,,
98500,,,,,,,4.0,,,,,
98500,,,,,,,3.2,,,,,
98500,,,,,,,3.6,,,,,
98500,,,,,,,3.2,,,,,
98500,,,,,,,4.4,,,,,
98500,,,,,,,3.6,,,,,
98500,,,,,,,5.0,,,,,
98500,,,,,,,5.0,,,,,
98500,,,,,,,-1.0,,,,,
98500,,,,,,,3.7,,,,,
98500,,,,,,,3.8,,,,,
98500,,,,,,,3.0,,,,,
98500,,,,,,,3.1,,,,,
98500,,,,,,,4.8,,,,,
98500,,,,,,,2.2,,,,,
73500,,,,,,,3.1,,,,,
73500,,,,,,,4.4,,,,,
73500,,,,,,,3.2,,,,,
73500,,,,,,,3.7,,,,,
73500,,,,,,,3.5,,,,,
73500,,,,,,,4.0,,,,,
73500,,,,,,,3.2,,,,,
73500,,,,,,,3.5,,,,,
73500,,,,,,,4.9,,,,,
73500,,,,,,,4.1,,,,,
73500,,,,,,,4.6,,,,,
73500,,,,,,,3.6,,,,,
73500,,,,,,,3.0,,,,,
73500,,,,,,,3.2,,,,,
73500,,,,,,,2.9,,,,,
73500,,,,,,,3.9,,,,,
73500,,,,,,,3.6,,,,,
73500,,,,,,,3.6,,,,,
73500,,,,,,,3.6,,,,,
73500,,,,,,,4.4,,,,,
73500,,,,,,,4.6,,,,,
73500,,,,,,,3.1,,,,,
73500,,,,,,,3.1,,,,,
73500,,,,,,,3.4,,,,,
73500,,,,,,,2.9,,,,,
73500,,,,,,,3.9,,,,,
74000,,,,,,,4.3,,,,,
74000,,,,,,,3.6,,,,,
74000,,,,,,,3.9,,,,,
74000,,,,,,,3.8,,,,,
74000,,,,,,,2.9,,,,,
74000,,,,,,,3.4,,,,,
74000,,,,,,,3.4,,,,,
74000,,,,,,,3.7,,,,,
74000,,,,,,,3.1,,,,,
74000,,,,,,,3.1,,,,,
74000,,,,,,,3.1,,,,,
74000,,,,,,,2.5,,,,,
74000,,,,,,,2.5,,,,,
74000,,,,,,,3.9,,,,,
74000,,,,,,,5.0,,,,,
74000,,,,,,,4.5,,,,,
74000,,,,,,,3.3,,,,,
74000,,,,,,,3.2,,,,,
74000,,,,,,,3.5,,,,,
74000,,,,,,,3.0,,,,,
74000,,,,,,,-1.0,,,,,
74000,,,,,,,4.0,,,,,
74000,,,,,,,3.5,,,,,
68500,,,,,,,3.0,,,,,
68500,,,,,,,4.9,,,,,
68500,,,,,,,3.9,,,,,
68500,,,,,,,4.3,,,,,
68500,,,,,,,4.5,,,,,
68500,,,,,,,-1.0,,,,,
68500,,,,,,,3.7,,,,,
68500,,,,,,,4.2,,,,,
68500,,,,,,,2.7,,,,,
68500,,,,,,,2.9,,,,,
68500,,,,,,,3.6,,,,,
68500,,,,,,,3.1,,,,,
68500,,,,,,,4.4,,,,,
68500,,,,,,,3.5,,,,,
68500,,,,,,,3.4,,,,,
68500,,,,,,,3.6,,,,,
68500,,,,,,,3.8,,,,,
68500,,,,,,,3.7,,,,,
68500,,,,,,,3.7,,,,,
68500,,,,,,,3.8,,,,,
68500,,,,,,,4.1,,,,,
68500,,,,,,,4.1,,,,,
61500,,,,,,,4.1,,,,,
61500,,,,,,,4.0,,,,,
61500,,,,,,,3.8,,,,,
61500,,,,,,,2.9,,,,,
61500,,,,,,,3.1,,,,,
61500,,,,,,,4.5,,,,,
61500,,,,,,,3.1,,,,,
61500,,,,,,,2.8,,,,,
61500,,,,,,,2.9,,,,,
59500,,,,,,,3.6,,,,,
59500,,,,,,,3.6,,,,,
59500,,,,,,,2.3,,,,,
59500,,,,,,,3.2,,,,,
59500,,,,,,,3.6,,,,,
59500,,,,,,,4.7,,,,,
59500,,,,,,,3.9,,,,,
59500,,,,,,,3.9,,,,,
59500,,,,,,,3.9,,,,,
59500,,,,,,,3.8,,,,,
59500,,,,,,,5.0,,,,,
59500,,,,,,,3.7,,,,,
59500,,,,,,,3.5,,,,,
59500,,,,,,,3.8,,,,,
59500,,,,,,,4.2,,,,,
59500,,,,,,,3.3,,,,,
59500,,,,,,,3.3,,,,,
59500,,,,,,,4.1,,,,,
59500,,,,,,,3.9,,,,,
59500,,,,,,,4.3,,,,,
59500,,,,,,,4.1,,,,,
59500,,,,,,,3.5,,,,,
59500,,,,,,,3.8,,,,,
59500,,,,,,,3.6,,,,,
59500,,,,,,,3.5,,,,,
53000,,,,,,,3.2,,,,,
53000,,,,,,,2.4,,,,,
53000,,,,,,,4.3,,,,,
53000,,,,,,,3.1,,,,,
53000,,,,,,,3.5,,,,,
53000,,,,,,,3.9,,,,,
53000,,,,,,,5.0,,,,,
53000,,,,,,,2.4,,,,,
53000,,,,,,,4.2,,,,,
53000,,,,,,,4.3,,,,,
53000,,,,,,,-1.0,,,,,
53000,,,,,,,2.7,,,,,
53000,,,,,,,4.6,,,,,
53000,,,,,,,3.9,,,,,
53000,,,,,,,3.5,,,,,
53000,,,,,,,3.2,,,,,
53000,,,,,,,2.7,,,,,
53000,,,,,,,3.9,,,,,
53000,,,,,,,3.1,,,,,
53000,,,,,,,4.5,,,,,
53000,,,,,,,3.8,,,,,
53000,,,,,,,3.2,,,,,
53000,,,,,,,4.1,,,,,
53000,,,,,,,3.5,,,,,
40500,,,,,,,4.3,,,,,
40500,,,,,,,3.7,,,,,
40500,,,,,,,4.3,,,,,
40500,,,,,,,3.8,,,,,
40500,,,,,,,4.0,,,,,
40500,,,,,,,3.9,,,,,
40500,,,,,,,3.9,,,,,
40500,,,,,,,3.4,,,,,
40500,,,,,,,2.4,,,,,
40500,,,,,,,3.2,,,,,
40500,,,,,,,3.8,,,,,
40500,,,,,,,2.6,,,,,
40500,,,,,,,3.2,,,,,
40500,,,,,,,3.9,,,,,
40500,,,,,,,3.7,,,,,
40500,,,,,,,4.7,,,,,
40500,,,,,,,4.2,,,,,
40500,,,,,,,3.5,,,,,
40500,,,,,,,3.5,,,,,
40500,,,,,,,3.7,,,,,
40500,,,,,,,3.2,,,,,
40500,,,,,,,2.7,,,,,
40500,,,,,,,4.5,,,,,
40500,,,,,,,4.1,,,,,
40500,,,,,,,3.9,,,,,
40500,,,,,,,3.6,,,,,
88500,,,,,,,3.6,,,,,
88500,,,,,,,4.1,,,,,
88500,,,,,,,4.4,,,,,
88500,,,,,,,3.5,,,,,
88500,,,,,,,2.3,,,,,
88500,,,,,,,4.2,,,,,
88500,,,,,,,2.4,,,,,
88500,,,,,,,3.7,,,,,
88500,,,,,,,4.2,,,,,
88500,,,,,,,4.3,,,,,
88500,,,,,,,3.2,,,,,
88500,,,,,,,3.5,,,,,
88500,,,,,,,3.7,,,,,
88500,,,,,,,3.9,,,,,
88500,,,,,,,3.6,,,,,
88500,,,,,,,3.4,,,,,
88500,,,,,,,3.4,,,,,
88500,,,,,,,4.2,,,,,
88500,,,,,,,5.0,,,,,
88500,,,,,,,3.3,,,,,
88500,,,,,,,3.9,,,,,
88500,,,,,,,3.7,,,,,
88500,,,,,,,2.8,,,,,
88500,,,,,,,1.6,,,,,
88500,,,,,,,2.7,,,,,
71500,,,,,,,4.6,,,,,
71500,,,,,,,3.8,,,,,
71500,,,,,,,3.3,,,,,
71500,,,,,,,4.8,,,,,
71500,,,,,,,3.5,,,,,
71500,,,,,,,5.0,,,,,
71500,,,,,,,3.6,,,,,
71500,,,,,,,4.2,,,,,
71500,,,,,,,3.1,,,,,
71500,,,,,,,1.6,,,,,
71500,,,,,,,4.5,,,,,
71500,,,,,,,3.3,,,,,
71500,,,,,,,3.2,,,,,
71500,,,,,,,3.9,,,,,
71500,,,,,,,4.0,,,,,
71500,,,,,,,4.1,,,,,
52500,,,,,,,3.9,,,,,
52500,,,,,,,3.4,,,,,
52500,,,,,,,4.0,,,,,
52500,,,,,,,3.1,,,,,
52500,,,,,,,3.0,,,,,
52500,,,,,,,3.9,,,,,
52500,,,,,,,3.9,,,,,
52500,,,,,,,3.7,,,,,
52500,,,,,,,4.1,,,,,
52500,,,,,,,3.4,,,,,
52500,,,,,,,3.4,,,,,
52500,,,,,,,4.3,,,,,
52500,,,,,,,4.0,,,,,
52500,,,,,,,2.8,,,,,
52500,,,,,,,3.7,,,,,
52500,,,,,,,5.0,,,,,
52500,,,,,,,3.0,,,,,
52500,,,,,,,4.0,,,,,
52500,,,,,,,4.5,,,,,
52500,,,,,,,3.5,,,,,
52500,,,,,,,3.3,,,,,
52500,,,,,,,-1.0,,,,,
52500,,,,,,,4.1,,,,,
52500,,,,,,,2.9,,,,,
52500,,,,,,,3.7,,,,,
52500,,,,,,,4.0,,,,,
52500,,,,,,,4.0,,,,,
52500,,,,,,,3.5,,,,,
81000,,,,,,,3.3,,,,,
81000,,,,,,,-1.0,,,,,
81000,,,,,,,2.6,,,,,
81000,,,,,,,3.3,,,,,
81000,,,,,,,3.9,,,,,
81000,,,,,,,3.8,,,,,
81000,,,,,,,4.1,,,,,
81000,,,,,,,3.2,,,,,
81000,,,,,,,3.8,,,,,
81000,,,,,,,4.0,,,,,
81000,,,,,,,-1.0,,,,,
81000,,,,,,,3.9,,,,,
81000,,,,,,,4.4,,,,,
81000,,,,,,,3.3,,,,,
81000,,,,,,,-1.0,,,,,
81000,,,,,,,3.1,,,,,
81000,,,,,,,3.1,,,,,
99000,,,,,,,3.6,,,,,
99000,,,,,,,3.3,,,,,
99000,,,,,,,4.3,,,,,
99000,,,,,,,3.0,,,,,
99000,,,,,,,4.5,,,,,
99000,,,,,,,3.7,,,,,
99000,,,,,,,4.2,,,,,
99000,,,,,,,3.7,,,,,
99000,,,,,,,3.4,,,,,
99000,,,,,,,4.2,,,,,
99000,,,,,,,5.0,,,,,
99000,,,,,,,3.2,,,,,
99000,,,,,,,3.0,,,,,
99000,,,,,,,4.4,,,,,
99000,,,,,,,3.4,,,,,
99000,,,,,,,4.8,,,,,
99000,,,,,,,3.2,,,,,
99000,,,,,,,3.8,,,,,
99000,,,,,,,3.9,,,,,
99000,,,,,,,2.8,,,,,
99000,,,,,,,3.5,,,,,
99000,,,,,,,5.0,,,,,
99000,,,,,,,3.5,,,,,
99000,,,,,,,3.6,,,,,
92000,,,,,,,3.3,,,,,
92000,,,,,,,3.4,,,,,
92000,,,,,,,4.0,,,,,
92000,,,,,,,3.9,,,,,
92000,,,,,,,4.3,,,,,
92000,,,,,,,4.2,,,,,
92000,,,,,,,4.6,,,,,
92000,,,,,,,4.4,,,,,
92000,,,,,,,3.7,,,,,
92000,,,,,,,4.4,,,,,
92000,,,,,,,3.3,,,,,
92000,,,,,,,4.1,,,,,
92000,,,,,,,4.2,,,,,
92000,,,,,,,4.3,,,,,
92000,,,,,,,5.0,,,,,
92000,,,,,,,3.5,,,,,
92000,,,,,,,3.3,,,,,
92000,,,,,,,2.5,,,,,
92000,,,,,,,3.3,,,,,
92000,,,,,,,4.1,,,,,
92000,,,,,,,3.7,,,,,
92000,,,,,,,3.7,,,,,
92000,,,,,,,4.2,,,,,
92000,,,,,,,4.9,,,,,
92000,,,,,,,3.5,,,,,
47500,,,,,,,4.3,,,,,
47500,,,,,,,3.4,,,,,
47500,,,,,,,3.5,,,,,
47500,,,,,,,3.3,,,,,
47500,,,,,,,3.7,,,,,
36000,,,,,,,4.1,,,,,
36000,,,,,,,4.1,,,,,
36000,,,,,,,4.3,,,,,
36000,,,,,,,3.3,,,,,
36000,,,,,,,3.1,,,,,
36000,,,,,,,4.9,,,,,
36000,,,,,,,3.3,,,,,
36000,,,,,,,3.9,,,,,
36000,,,,,,,5.0,,,,,
36000,,,,,,,3.7,,,,,
36000,,,,,,,3.7,,,,,
36000,,,,,,,4.4,,,,,
36000,,,,,,,3.1,,,,,
36000,,,,,,,4.0,,,,,
36000,,,,,,,3.4,,,,,
36000,,,,,,,-1.0,,,,,
36000,,,,,,,3.3,,,,,
36000,,,,,,,4.1,,,,,
36000,,,,,,,3.5,,,,,
36000,,,,,,,3.4,,,,,
36000,,,,,,,2.8,,,,,
36000,,,,,,,2.9,,,,,
36000,,,,,,,4.0,,,,,
36000,,,,,,,5.0,,,,,
36000,,,,,,,3.8,,,,,
41500,,,,,,,3.8,,,,,
41500,,,,,,,3.3,,,,,
41500,,,,,,,3.6,,,,,
41500,,,,,,,4.1,,,,,
41500,,,,,,,4.6,,,,,
41500,,,,,,,3.3,,,,,
41500,,,,,,,3.4,,,,,
41500,,,,,,,3.6,,,,,
41500,,,,,,,4.1,,,,,
41500,,,,,,,3.8,,,,,
41500,,,,,,,3.6,,,,,
41500,,,,,,,2.9,,,,,
41500,,,,,,,3.7,,,,,
41500,,,,,,,3.5,,,,,
41500,,,,,,,3.6,,,,,
41500,,,,,,,1.0,,,,,
41500,,,,,,,4.1,,,,,
41500,,,,,,,3.8,,,,,
41500,,,,,,,3.7,,,,,
41500,,,,,,,5.0,,,,,
41500,,,,,,,2.6,,,,,
41500,,,,,,,4.0,,,,,
41500,,,,,,,3.5,,,,,
41500,,,,,,,4.6,,,,,
41500,,,,,,,3.8,,,,,
41500,,,,,,,2.8,,,,,
63500,,,,,,,3.9,,,,,
63500,,,,,,,4.5,,,,,
63500,,,,,,,3.0,,,,,
63500,,,,,,,4.4,,,,,
63500,,,,,,,4.1,,,,,
63500,,,,,,,4.3,,,,,
63500,,,,,,,3.4,,,,,
63500,,,,,,,2.8,,,,,
63500,,,,,,,4.2,,,,,
63500,,,,,,,3.7,,,,,
63500,,,,,,,3.4,,,,,
63500,,,,,,,3.2,,,,,
63500,,,,,,,4.2,,,,,
63500,,,,,,,4.7,,,,,
63500,,,,,,,3.8,,,,,
63500,,,,,,,3.4,,,,,
63500,,,,,,,3.1,,,,,
63500,,,,,,,3.4,,,,,
63500,,,,,,,3.4,,,,,
63500,,,,,,,2.9,,,,,
63500,,,,,,,2.5,,,,,
63500,,,,,,,4.0,,,,,
63500,,,,,,,2.8,,,,,
63000,,,,,,,3.3,,,,,
63000,,,,,,,3.8,,,,,
63000,,,,,,,3.8,,,,,
63000,,,,,,,4.2,,,,,
63000,,,,,,,4.1,,,,,
63000,,,,,,,3.7,,,,,
63000,,,,,,,3.6,,,,,
63000,,,,,,,3.5,,,,,
63000,,,,,,,2.1,,,,,
63000,,,,,,,3.7,,,,,
63000,,,,,,,2.5,,,,,
63000,,,,,,,3.6,,,,,
63000,,,,,,,3.3,,,,,
63000,,,,,,,3.9,,,,,
63000,,,,,,,3.7,,,,,
63000,,,,,,,-1.0,,,,,
63000,,,,,,,3.3,,,,,
63000,,,,,,,3.5,,,,,
63000,,,,,,,2.6,,,,,
63000,,,,,,,4.0,,,,,
63000,,,,,,,3.4,,,,,
63000,,,,,,,4.2,,,,,
68000,,,,,,,3.0,,,,,
68000,,,,,,,4.1,,,,,
68000,,,,,,,4.0,,,,,
68000,,,,,,,4.1,,,,,
68000,,,,,,,3.2,,,,,
68000,,,,,,,3.7,,,,,
68000,,,,,,,4.0,,,,,
68000,,,,,,,4.2,,,,,
68000,,,,,,,3.8,,,,,
68000,,,,,,,4.3,,,,,
68000,,,,,,,3.7,,,,,
68000,,,,,,,4.4,,,,,
68000,,,,,,,3.1,,,,,
68000,,,,,,,3.2,,,,,
68000,,,,,,,3.3,,,,,
68000,,,,,,,2.8,,,,,
68000,,,,,,,4.0,,,,,
68000,,,,,,,3.4,,,,,
68000,,,,,,,3.9,,,,,
68000,,,,,,,3.2,,,,,
68000,,,,,,,3.5,,,,,
68000,,,,,,,3.4,,,,,
68000,,,,,,,4.0,,,,,
68000,,,,,,,4.3,,,,,
68000,,,,,,,3.5,,,,,
61000,,,,,,,3.2,,,,,
61000,,,,,,,3.6,,,,,
61000,,,,,,,4.0,,,,,
61000,,,,,,,3.9,,,,,
61000,,,,,,,3.8,,,,,
61000,,,,,,,4.1,,,,,
61000,,,,,,,4.5,,,,,
61000,,,,,,,2.9,,,,,
61000,,,,,,,4.1,,,,,
150000,,,,,,,4.5,,,,,
150000,,,,,,,4.6,,,,,
150000,,,,,,,3.9,,,,,
150000,,,,,,,4.0,,,,,
150000,,,,,,,3.3,,,,,
150000,,,,,,,3.1,,,,,
150000,,,,,,,3.4,,,,,
150000,,,,,,,3.4,,,,,
150000,,,,,,,3.5,,,,,
150000,,,,,,,3.8,,,,,
150000,,,,,,,4.0,,,,,
150000,,,,,,,3.9,,,,,
150000,,,,,,,4.0,,,,,
150000,,,,,,,3.6,,,,,
150000,,,,,,,5.0,,,,,
150000,,,,,,,4.4,,,,,
150000,,,,,,,4.4,,,,,
150000,,,,,,,3.9,,,,,
150000,,,,,,,3.7,,,,,
150000,,,,,,,4.1,,,,,
150000,,,,,,,4.0,,,,,
150000,,,,,,,3.1,,,,,
150000,,,,,,,3.9,,,,,
150000,,,,,,,3.9,,,,,
150000,,,,,,,3.6,,,,,
150000,,,,,,,3.9,,,,,
120000,,,,,,,4.4,,,,,
120000,,,,,,,3.9,,,,,
120000,,,,,,,5.0,,,,,
120000,,,,,,,4.1,,,,,
120000,,,,,,,3.8,,,,,
120000,,,,,,,3.8,,,,,
120000,,,,,,,3.7,,,,,
120000,,,,,,,4.0,,,,,
120000,,,,,,,4.1,,,,,
120000,,,,,,,4.0,,,,,
120000,,,,,,,3.9,,,,,
120000,,,,,,,4.5,,,,,
120000,,,,,,,2.4,,,,,
120000,,,,,,,4.8,,,,,
120000,,,,,,,3.9,,,,,
120000,,,,,,,4.1,,,,,
120000,,,,,,,4.0,,,,,
120000,,,,,,,5.0,,,,,
120000,,,,,,,4.1,,,,,
120000,,,,,,,4.1,,,,,
120000,,,,,,,4.5,,,,,
120000,,,,,,,4.6,,,,,
120000,,,,,,,3.2,,,,,
120000,,,,,,,5.0,,,,,
120000,,,,,,,4.0,,,,,
98000,,,,,,,4.3,,,,,
98000,,,,,,,4.4,,,,,
98000,,,,,,,3.3,,,,,
98000,,,,,,,4.1,,,,,
98000,,,,,,,4.5,,,,,
98000,,,,,,,4.1,,,,,
98000,,,,,,,4.7,,,,,
98000,,,,,,,4.2,,,,,
98000,,,,,,,4.1,,,,,
98000,,,,,,,4.2,,,,,
98000,,,,,,,4.8,,,,,
98000,,,,,,,4.1,,,,,
98000,,,,,,,3.9,,,,,
98000,,,,,,,3.7,,,,,
98000,,,,,,,3.5,,,,,
98000,,,,,,,3.2,,,,,
98000,,,,,,,3.5,,,,,
98000,,,,,,,3.8,,,,,
98000,,,,,,,3.9,,,,,
98000,,,,,,,4.7,,,,,
98000,,,,,,,3.3,,,,,
98000,,,,,,,4.4,,,,,
98000,,,,,,,4.1,,,,,
98000,,,,,,,4.4,,,,,
72000,,,,,,,4.8,,,,,
72000,,,,,,,3.1,,,,,
72000,,,,,,,4.1,,,,,
72000,,,,,,,3.8,,,,,
72000,,,,,,,4.1,,,,,
72000,,,,,,,3.6,,,,,
72000,,,,,,,3.9,,,,,
72000,,,,,,,3.7,,,,,
72000,,,,,,,3.9,,,,,
72000,,,,,,,4.3,,,,,
72000,,,,,,,4.0,,,,,
72000,,,,,,,4.4,,,,,
72000,,,,,,,3.4,,,,,
72000,,,,,,,3.9,,,,,
72000,,,,,,,4.1,,,,,
72000,,,,,,,4.8,,,,,
72000,,,,,,,4.4,,,,,
72000,,,,,,,3.3,,,,,
72000,,,,,,,4.4,,,,,
72000,,,,,,,3.9,,,,,
72000,,,,,,,3.3,,,,,
72000,,,,,,,3.9,,,,,
72000,,,,,,,3.3,,,,,
72000,,,,,,,3.4,,,,,
75500,,,,,,,3.4,,,,,
75500,,,,,,,4.0,,,,,
75500,,,,,,,4.5,,,,,
75500,,,,,,,3.7,,,,,
75500,,,,,,,-1.0,,,,,
75500,,,,,,,3.5,,,,,
75500,,,,,,,3.7,,,,,
75500,,,,,,,2.2,,,,,
75500,,,,,,,3.7,,,,,
75500,,,,,,,3.7,,,,,
75500,,,,,,,3.1,,,,,
75500,,,,,,,3.7,,,,,
75500,,,,,,,4.0,,,,,
75500,,,,,,,3.7,,,,,
75500,,,,,,,5.0,,,,,
75500,,,,,,,4.5,,,,,
75500,,,,,,,3.9,,,,,
75500,,,,,,,4.1,,,,,
75500,,,,,,,3.3,,,,,
75500,,,,,,,4.0,,,,,
75500,,,,,,,3.5,,,,,
75500,,,,,,,4.4,,,,,
75500,,,,,,,3.6,,,,,
75500,,,,,,,4.8,,,,,
75500,,,,,,,2.6,,,,,
75500,,,,,,,4.1,,,,,
75500,,,,,,,4.0,,,,,
89500,,,,,,,3.8,,,,,
89500,,,,,,,3.3,,,,,
89500,,,,,,,3.9,,,,,
89500,,,,,,,3.6,,,,,
89500,,,,,,,3.8,,,,,
89500,,,,,,,3.7,,,,,
89500,,,,,,,3.2,,,,,
89500,,,,,,,3.9,,,,,
89500,,,,,,,3.3,,,,,
89500,,,,,,,3.9,,,,,
89500,,,,,,,2.9,,,,,
89500,,,,,,,3.6,,,,,
89500,,,,,,,3.9,,,,,
89500,,,,,,,4.0,,,,,
89500,,,,,,,4.1,,,,,
89500,,,,,,,3.7,,,,,
89500,,,,,,,4.1,,,,,
59000,,,,,,,3.5,,,,,
59000,,,,,,,2.8,,,,,
59000,,,,,,,4.6,,,,,
59000,,,,,,,2.6,,,,,
59000,,,,,,,3.8,,,,,
59000,,,,,,,2.6,,,,,
59000,,,,,,,2.8,,,,,
59000,,,,,,,4.6,,,,,
59000,,,,,,,4.1,,,,,
59000,,,,,,,2.8,,,,,
59000,,,,,,,4.1,,,,,
59000,,,,,,,4.9,,,,,
59000,,,,,,,4.7,,,,,
59000,,,,,,,3.6,,,,,
59000,,,,,,,3.9,,,,,
59000,,,,,,,2.8,,,,,
59000,,,,,,,4.0,,,,,
59000,,,,,,,3.4,,,,,
59000,,,,,,,4.6,,,,,
59000,,,,,,,4.3,,,,,
59000,,,,,,,1.9,,,,,
59000,,,,,,,5.0,,,,,
59000,,,,,,,3.2,,,,,
59000,,,,,,,3.8,,,,,
59000,,,,,,,5.0,,,,,
59000,,,,,,,4.0,,,,,
59000,,,,,,,3.5,,,,,
78500,,,,,,,4.5,,,,,
78500,,,,,,,4.5,,,,,
78500,,,,,,,3.3,,,,,
78500,,,,,,,4.6,,,,,
78500,,,,,,,2.8,,,,,
78500,,,,,,,-1.0,,,,,
78500,,,,,,,3.2,,,,,
78500,,,,,,,2.6,,,,,
78500,,,,,,,2.8,,,,,
78500,,,,,,,2.8,,,,,
78500,,,,,,,4.4,,,,,
78500,,,,,,,4.6,,,,,
78500,,,,,,,3.9,,,,,
78500,,,,,,,2.8,,,,,
78500,,,,,,,3.3,,,,,
78500,,,,,,,2.5,,,,,
78500,,,,,,,2.5,,,,,
78500,,,,,,,3.7,,,,,
78500,,,,,,,2.6,,,,,
78500,,,,,,,3.3,,,,,
78500,,,,,,,3.8,,,,,
78500,,,,,,,3.7,,,,,
38500,,,,,,,2.7,,,,,
38500,,,,,,,3.3,,,,,
38500,,,,,,,3.8,,,,,
38500,,,,,,,3.5,,,,,
38500,,,,,,,3.5,,,,,
38500,,,,,,,3.8,,,,,
38500,,,,,,,3.8,,,,,
38500,,,,,,,3.7,,,,,
38500,,,,,,,3.9,,,,,
38500,,,,,,,3.1,,,,,
38500,,,,,,,3.7,,,,,
38500,,,,,,,3.6,,,,,
38500,,,,,,,2.8,,,,,
38500,,,,,,,3.3,,,,,
38500,,,,,,,4.1,,,,,
38500,,,,,,,3.3,,,,,
38500,,,,,,,5.0,,,,,
38500,,,,,,,2.8,,,,,
38500,,,,,,,3.5,,,,,
38500,,,,,,,3.5,,,,,
38500,,,,,,,2.7,,,,,
38500,,,,,,,3.3,,,,,
38500,,,,,,,4.4,,,,,
38500,,,,,,,2.8,,,,,
60000,,,,,,,2.8,,,,,
60000,,,,,,,3.5,,,,,
60000,,,,,,,3.4,,,,,
56000,,,,,,,3.0,,,,,
56000,,,,,,,3.5,,,,,
56000,,,,,,,3.5,,,,,
56000,,,,,,,3.7,,,,,
56000,,,,,,,5.0,,,,,
56000,,,,,,,-1.0,,,,,
56000,,,,,,,3.5,,,,,
56000,,,,,,,3.9,,,,,
56000,,,,,,,5.0,,,,,
56000,,,,,,,3.5,,,,,
56000,,,,,,,2.9,,,,,
56000,,,,,,,5.0,,,,,
56000,,,,,,,5.0,,,,,
56000,,,,,,,3.9,,,,,
68000,,,,,,,3.3,,,,,
68000,,,,,,,3.8,,,,,
68000,,,,,,,-1.0,,,,,
68000,,,,,,,3.9,,,,,
68000,,,,,,,3.1,,,,,
68000,,,,,,,4.4,,,,,
68000,,,,,,,5.0,,,,,
68000,,,,,,,3.8,,,,,
68000,,,,,,,2.9,,,,,
68000,,,,,,,-1.0,,,,,
51000,,,,,,,1.7,,,,,
51000,,,,,,,4.2,,,,,
51000,,,,,,,4.8,,,,,
51000,,,,,,,3.9,,,,,
51000,,,,,,,4.8,,,,,
63500,,,,,,,4.7,,,,,
63500,,,,,,,3.6,,,,,
40000,,,,,,,4.2,,,,,
40000,,,,,,,3.6,,,,,
40000,,,,,,,3.7,,,,,
40000,,,,,,,2.9,,,,,
40000,,,,,,,3.5,,,,,
40000,,,,,,,3.9,,,,,
40000,,,,,,,3.8,,,,,
40000,,,,,,,3.6,,,,,
40000,,,,,,,5.0,,,,,
40000,,,,,,,2.3,,,,,
40000,,,,,,,2.5,,,,,
40000,,,,,,,3.7,,,,,
40000,,,,,,,2.8,,,,,
40000,,,,,,,5.0,,,,,
40000,,,,,,,3.4,,,,,
40000,,,,,,,4.5,,,,,
40000,,,,,,,5.0,,,,,
40000,,,,,,,4.5,,,,,
40000,,,,,,,3.7,,,,,
40000,,,,,,,2.5,,,,,
40000,,,,,,,4.0,,,,,
40000,,,,,,,4.5,,,,,
40000,,,,,,,3.6,,,,,
66000,,,,,,,3.4,,,,,
66000,,,,,,,3.7,,,,,
66000,,,,,,,3.9,,,,,
66000,,,,,,,4.5,,,,,
68000,,,,,,,3.6,,,,,
68000,,,,,,,3.8,,,,,
68000,,,,,,,3.9,,,,,
68000,,,,,,,3.8,,,,,
68000,,,,,,,5.0,,,,,
68000,,,,,,,3.4,,,,,
68000,,,,,,,4.1,,,,,
68000,,,,,,,4.1,,,,,
68000,,,,,,,3.9,,,,,
68000,,,,,,,3.9,,,,,
68000,,,,,,,3.6,,,,,
68000,,,,,,,3.4,,,,,
68000,,,,,,,3.6,,,,,
68000,,,,,,,3.8,,,,,
68000,,,,,,,3.6,,,,,
68000,,,,,,,4.1,,,,,
68000,,,,,,,3.7,,,,,
68000,,,,,,,3.5,,,,,
68000,,,,,,,4.1,,,,,
68000,,,,,,,3.9,,,,,
68000,,,,,,,5.0,,,,,
68000,,,,,,,4.6,,,,,
68000,,,,,,,3.2,,,,,
68000,,,,,,,3.9,,,,,
68000,,,,,,,4.7,,,,,
68000,,,,,,,3.9,,,,,
68000,,,,,,,3.2,,,,,
68000,,,,,,,3.3,,,,,
64500,,,,,,,3.6,,,,,
64500,,,,,,,2.8,,,,,
64500,,,,,,,3.4,,,,,
64500,,,,,,,3.8,,,,,
64500,,,,,,,3.6,,,,,
64500,,,,,,,3.7,,,,,
64500,,,,,,,2.9,,,,,
64500,,,,,,,4.1,,,,,
64500,,,,,,,3.5,,,,,
64500,,,,,,,-1.0,,,,,
64500,,,,,,,3.6,,,,,
64500,,,,,,,4.6,,,,,
64500,,,,,,,5.0,,,,,
64500,,,,,,,3.5,,,,,
64500,,,,,,,4.3,,,,,
64500,,,,,,,5.0,,,,,
64500,,,,,,,3.2,,,,,
64500,,,,,,,4.1,,,,,
64500,,,,,,,3.4,,,,,
64500,,,,,,,3.9,,,,,
64500,,,,,,,2.9,,,,,
64500,,,,,,,4.0,,,,,
76000,,,,,,,4.1,,,,,
76000,,,,,,,5.0,,,,,
76000,,,,,,,3.6,,,,,
76000,,,,,,,4.1,,,,,
76000,,,,,,,3.3,,,,,
76000,,,,,,,4.3,,,,,
76000,,,,,,,2.3,,,,,
76000,,,,,,,3.2,,,,,
76000,,,,,,,3.3,,,,,
76000,,,,,,,-1.0,,,,,
76000,,,,,,,2.8,,,,,
76000,,,,,,,5.0,,,,,
76000,,,,,,,1.8,,,,,
76000,,,,,,,4.4,,,,,
76000,,,,,,,3.3,,,,,
76000,,,,,,,4.1,,,,,
76000,,,,,,,3.8,,,,,
76000,,,,,,,4.3,,,,,
76000,,,,,,,3.7,,,,,
76000,,,,,,,3.7,,,,,
57000,,,,,,,3.1,,,,,
57000,,,,,,,3.0,,,,,
57000,,,,,,,3.6,,,,,
57000,,,,,,,3.8,,,,,
57000,,,,,,,3.6,,,,,
57000,,,,,,,3.3,,,,,
57000,,,,,,,3.8,,,,,
57000,,,,,,,3.3,,,,,
80500,,,,,,,4.0,,,,,
80500,,,,,,,3.6,,,,,
80500,,,,,,,3.9,,,,,
80500,,,,,,,3.0,,,,,
80500,,,,,,,4.0,,,,,
80500,,,,,,,5.0,,,,,
80500,,,,,,,3.8,,,,,
80500,,,,,,,4.6,,,,,
80500,,,,,,,3.5,,,,,
80500,,,,,,,3.3,,,,,
80500,,,,,,,4.1,,,,,
80500,,,,,,,4.8,,,,,
80500,,,,,,,3.7,,,,,
80500,,,,,,,3.6,,,,,
80500,,,,,,,3.6,,,,,
80500,,,,,,,3.9,,,,,
80500,,,,,,,3.8,,,,,
80500,,,,,,,4.0,,,,,
80500,,,,,,,5.0,,,,,
80500,,,,,,,4.9,,,,,
80500,,,,,,,4.6,,,,,
80500,,,,,,,3.8,,,,,
80500,,,,,,,4.0,,,,,
80500,,,,,,,3.7,,,,,
80500,,,,,,,4.5,,,,,
80500,,,,,,,2.3,,,,,
138500,,,,,,,-1.0,,,,,
138500,,,,,,,4.1,,,,,
138500,,,,,,,4.0,,,,,
138500,,,,,,,3.6,,,,,
138500,,,,,,,5.0,,,,,
138500,,,,,,,4.4,,,,,
138500,,,,,,,3.3,,,,,
138500,,,,,,,3.8,,,,,
138500,,,,,,,3.5,,,,,
138500,,,,,,,4.1,,,,,
138500,,,,,,,4.6,,,,,
138500,,,,,,,4.2,,,,,
138500,,,,,,,4.3,,,,,
138500,,,,,,,5.0,,,,,
138500,,,,,,,3.7,,,,,
138500,,,,,,,4.0,,,,,
138500,,,,,,,3.9,,,,,
138500,,,,,,,3.9,,,,,
138500,,,,,,,3.6,,,,,
138500,,,,,,,4.1,,,,,
138500,,,,,,,4.6,,,,,
138500,,,,,,,3.4,,,,,
138500,,,,,,,4.0,,,,,
126000,,,,,,,3.4,,,,,
126000,,,,,,,5.0,,,,,
126000,,,,,,,3.9,,,,,
126000,,,,,,,3.8,,,,,
126000,,,,,,,4.1,,,,,
126000,,,,,,,3.2,,,,,
126000,,,,,,,3.7,,,,,
126000,,,,,,,3.7,,,,,
126000,,,,,,,3.2,,,,,
126000,,,,,,,3.7,,,,,
126000,,,,,,,3.2,,,,,
126000,,,,,,,4.1,,,,,
126000,,,,,,,3.2,,,,,
126000,,,,,,,5.0,,,,,
126000,,,,,,,4.1,,,,,
126000,,,,,,,4.8,,,,,
126000,,,,,,,4.5,,,,,
126000,,,,,,,4.1,,,,,
126000,,,,,,,5.0,,,,,
126000,,,,,,,3.9,,,,,
126000,,,,,,,4.0,,,,,
126000,,,,,,,4.6,,,,,
126000,,,,,,,3.4,,,,,
126000,,,,,,,3.2,,,,,
99000,,,,,,,3.3,,,,,
99000,,,,,,,3.9,,,,,
99000,,,,,,,3.0,,,,,
99000,,,,,,,3.8,,,,,
99000,,,,,,,3.8,,,,,
99000,,,,,,,4.0,,,,,
99000,,,,,,,4.4,,,,,
99000,,,,,,,3.6,,,,,
99000,,,,,,,3.2,,,,,
99000,,,,,,,3.9,,,,,
99000,,,,,,,4.0,,,,,
99000,,,,,,,3.2,,,,,
99000,,,,,,,4.4,,,,,
99000,,,,,,,4.5,,,,,
99000,,,,,,,3.7,,,,,
99000,,,,,,,3.9,,,,,
99000,,,,,,,3.2,,,,,
92500,,,,,,,3.7,,,,,
92500,,,,,,,3.2,,,,,
92500,,,,,,,3.7,,,,,
92500,,,,,,,3.8,,,,,
92500,,,,,,,4.0,,,,,
92500,,,,,,,5.0,,,,,
92500,,,,,,,2.8,,,,,
92500,,,,,,,4.0,,,,,
92500,,,,,,,2.5,,,,,
92500,,,,,,,3.7,,,,,
92500,,,,,,,4.6,,,,,
92500,,,,,,,3.4,,,,,
92500,,,,,,,3.5,,,,,
92500,,,,,,,4.0,,,,,
92500,,,,,,,4.1,,,,,
92500,,,,,,,3.3,,,,,
92500,,,,,,,3.5,,,,,
92500,,,,,,,4.5,,,,,
92500,,,,,,,-1.0,,,,,
92500,,,,,,,3.9,,,,,
92500,,,,,,,3.8,,,,,
92500,,,,,,,4.0,,,,,
92500,,,,,,,4.1,,,,,
92500,,,,,,,-1.0,,,,,
92500,,,,,,,4.1,,,,,
66000,,,,,,,5.0,,,,,
66000,,,,,,,4.5,,,,,
66000,,,,,,,4.8,,,,,
66000,,,,,,,4.1,,,,,
66000,,,,,,,2.7,,,,,
66000,,,,,,,3.9,,,,,
66000,,,,,,,3.0,,,,,
66000,,,,,,,3.8,,,,,
66000,,,,,,,3.1,,,,,
66000,,,,,,,3.9,,,,,
66000,,,,,,,3.9,,,,,
66000,,,,,,,3.2,,,,,
66000,,,,,,,4.4,,,,,
66000,,,,,,,3.9,,,,,
66000,,,,,,,3.5,,,,,
66000,,,,,,,3.6,,,,,
66000,,,,,,,5.0,,,,,
66000,,,,,,,4.4,,,,,
66000,,,,,,,4.4,,,,,
66000,,,,,,,4.9,,,,,
66000,,,,,,,5.0,,,,,
60500,,,,,,,4.3,,,,,
60500,,,,,,,3.8,,,,,
60500,,,,,,,3.9,,,,,
60500,,,,,,,4.8,,,,,
60500,,,,,,,-1.0,,,,,
60500,,,,,,,3.4,,,,,
60500,,,,,,,3.1,,,,,
60500,,,,,,,4.6,,,,,
60500,,,,,,,3.4,,,,,
60500,,,,,,,3.0,,,,,
60500,,,,,,,3.6,,,,,
60500,,,,,,,3.2,,,,,
60500,,,,,,,3.4,,,,,
60500,,,,,,,3.8,,,,,
60500,,,,,,,4.6,,,,,
60500,,,,,,,3.0,,,,,
60500,,,,,,,3.7,,,,,
60500,,,,,,,3.8,,,,,
60500,,,,,,,3.6,,,,,
60500,,,,,,,4.6,,,,,
60500,,,,,,,4.6,,,,,
60500,,,,,,,4.1,,,,,
60500,,,,,,,5.0,,,,,
47500,,,,,,,3.2,,,,,
47500,,,,,,,3.3,,,,,
47500,,,,,,,3.5,,,,,
47500,,,,,,,4.2,,,,,
47500,,,,,,,2.8,,,,,
47500,,,,,,,3.8,,,,,
47500,,,,,,,2.8,,,,,
47500,,,,,,,3.6,,,,,
47500,,,,,,,3.6,,,,,
47500,,,,,,,4.6,,,,,
47500,,,,,,,5.0,,,,,
47500,,,,,,,3.1,,,,,
47500,,,,,,,3.5,,,,,
47500,,,,,,,4.0,,,,,
47500,,,,,,,3.4,,,,,
47500,,,,,,,2.9,,,,,
47500,,,,,,,5.0,,,,,
47500,,,,,,,3.5,,,,,
47500,,,,,,,2.8,,,,,
47500,,,,,,,4.0,,,,,
47500,,,,,,,2.7,,,,,
51000,,,,,,,3.3,,,,,
51000,,,,,,,4.3,,,,,
51000,,,,,,,3.3,,,,,
51000,,,,,,,4.3,,,,,
51000,,,,,,,4.6,,,,,
51000,,,,,,,3.6,,,,,
51000,,,,,,,3.0,,,,,
51000,,,,,,,4.0,,,,,
51000,,,,,,,3.5,,,,,
51000,,,,,,,4.3,,,,,
51000,,,,,,,4.0,,,,,
51000,,,,,,,3.7,,,,,
51000,,,,,,,2.9,,,,,
51000,,,,,,,5.0,,,,,
51000,,,,,,,4.7,,,,,
51000,,,,,,,5.0,,,,,
51000,,,,,,,3.2,,,,,
51000,,,,,,,3.9,,,,,
51000,,,,,,,3.8,,,,,
51000,,,,,,,2.9,,,,,
51000,,,,,,,3.0,,,,,
51000,,,,,,,3.4,,,,,
51000,,,,,,,3.7,,,,,
78000,,,,,,,4.3,,,,,
78000,,,,,,,4.4,,,,,
78000,,,,,,,3.9,,,,,
78000,,,,,,,3.7,,,,,
78000,,,,,,,4.0,,,,,
78000,,,,,,,3.7,,,,,
78000,,,,,,,4.0,,,,,
78000,,,,,,,3.6,,,,,
78000,,,,,,,4.3,,,,,
78000,,,,,,,4.6,,,,,
78000,,,,,,,4.3,,,,,
78000,,,,,,,5.0,,,,,
78000,,,,,,,3.5,,,,,
78000,,,,,,,4.2,,,,,
78000,,,,,,,4.6,,,,,
78000,,,,,,,4.5,,,,,
78000,,,,,,,3.6,,,,,
78000,,,,,,,3.4,,,,,
78000,,,,,,,4.1,,,,,
78000,,,,,,,4.4,,,,,
44000,,,,,,,4.2,,,,,
44000,,,,,,,5.0,,,,,
44000,,,,,,,5.0,,,,,
51500,,,,,,,3.8,,,,,
51500,,,,,,,3.4,,,,,
62000,,,,,,,3.8,,,,,
62000,,,,,,,4.0,,,,,
62000,,,,,,,3.6,,,,,
62000,,,,,,,4.0,,,,,
62000,,,,,,,3.8,,,,,
62000,,,,,,,3.1,,,,,
62000,,,,,,,4.3,,,,,
62000,,,,,,,2.9,,,,,
62000,,,,,,,3.2,,,,,
62000,,,,,,,3.8,,,,,
62000,,,,,,,5.0,,,,,
62000,,,,,,,4.1,,,,,
62000,,,,,,,3.9,,,,,
62000,,,,,,,3.4,,,,,
62000,,,,,,,4.0,,,,,
62000,,,,,,,3.3,,,,,
62000,,,,,,,5.0,,,,,
62000,,,,,,,3.5,,,,,
62000,,,,,,,3.7,,,,,
62000,,,,,,,3.7,,,,,
62000,,,,,,,3.6,,,,,
62000,,,,,,,3.8,,,,,
62000,,,,,,,5.0,,,,,
62000,,,,,,,4.8,,,,,
62000,,,,,,,5.0,,,,,
62000,,,,,,,4.6,,,,,
70000,,,,,,,3.5,,,,,
70000,,,,,,,3.7,,,,,
70000,,,,,,,3.3,,,,,
70000,,,,,,,4.1,,,,,
70000,,,,,,,3.6,,,,,
70000,,,,,,,3.1,,,,,
70000,,,,,,,3.8,,,,,
70000,,,,,,,3.5,,,,,
70000,,,,,,,5.0,,,,,
70000,,,,,,,4.1,,,,,
70000,,,,,,,3.5,,,,,
70000,,,,,,,3.5,,,,,
70000,,,,,,,3.6,,,,,
70000,,,,,,,4.7,,,,,
70000,,,,,,,3.0,,,,,
70000,,,,,,,3.5,,,,,
70000,,,,,,,2.6,,,,,
70000,,,,,,,3.3,,,,,
70000,,,,,,,3.3,,,,,
70000,,,,,,,2.5,,,,,
70000,,,,,,,5.0,,,,,
70000,,,,,,,5.0,,,,,
70000,,,,,,,3.7,,,,,
70000,,,,,,,4.3,,,,,
78500,,,,,,,3.0,,,,,
78500,,,,,,,3.7,,,,,
78500,,,,,,,2.5,,,,,
78500,,,,,,,3.5,,,,,
78500,,,,,,,4.2,,,,,
78500,,,,,,,4.1,,,,,
78500,,,,,,,4.0,,,,,
78500,,,,,,,2.9,,,,,
78500,,,,,,,4.3,,,,,
78500,,,,,,,2.6,,,,,
78500,,,,,,,4.1,,,,,
78500,,,,,,,3.7,,,,,
78500,,,,,,,5.0,,,,,
78500,,,,,,,3.3,,,,,
78500,,,,,,,2.7,,,,,
78500,,,,,,,3.8,,,,,
78500,,,,,,,3.0,,,,,
78500,,,,,,,2.8,,,,,
78500,,,,,,,2.5,,,,,
78500,,,,,,,3.8,,,,,
78500,,,,,,,4.3,,,,,
78500,,,,,,,3.6,,,,,
78500,,,,,,,3.3,,,,,
91000,,,,,,,4.0,,,,,
91000,,,,,,,2.5,,,,,
91000,,,,,,,3.5,,,,,
91000,,,,,,,3.0,,,,,
91000,,,,,,,2.5,,,,,
91000,,,,,,,2.8,,,,,
91000,,,,,,,4.1,,,,,
91000,,,,,,,2.9,,,,,
91000,,,,,,,3.1,,,,,
91000,,,,,,,3.4,,,,,